title_id,title_type_id,order
tt0001256,2,3
tt0001256,1,4
tt0010108,1,1
tt0010108,3,2
tt0010108,1,3
tt0010108,2,4
tt0011376,2,1
tt0013919,2,3
tt0015190,2,2
tt0015190,1,3
tt0016449,2,3
tt0017703,1,1
tt0017703,1,2
tt0017703,2,5
tt0017703,1,6
tt0017703,1,7
tt0020243,2,1
tt0020243,1,2
tt0022811,3,1
tt0022811,2,3
tt0025359,2,2
tt0025359,1,3
tt0026641,1,10
tt0026641,1,11
tt0026641,1,16
tt0026641,1,17
tt0026641,1,18
tt0026641,1,1
tt0026641,1,21
tt0026641,1,2
tt0026641,2,4
tt0026641,1,6
tt0026641,1,7
tt0026641,1,8
tt0026641,1,9
tt0027911,3,1
tt0027911,3,2
tt0027911,2,4
tt0030448,1,10
tt0030448,2,11
tt0030448,1,14
tt0030448,1,2
tt0030448,1,7
tt0031721,1,1
tt0031721,1,2
tt0031721,1,4
tt0031721,2,5
tt0031721,1,6
tt0031721,1,9
tt0032995,6,1
tt0032995,2,3
tt0032995,6,4
tt0032995,1,5
tt0034263,2,1
tt0036791,2,4
tt0036791,6,7
tt0036791,6,8
tt0038060,1,2
tt0038060,2,4
tt0038060,1,7
tt0039323,1,2
tt0039323,1,3
tt0039323,2,6
tt0040589,2,1
tt0040589,1,3
tt0044408,1,12
tt0044408,1,14
tt0044408,1,15
tt0044408,2,2
tt0044408,1,3
tt0044408,1,4
tt0044408,1,7
tt0045678,1,10
tt0045678,1,11
tt0045678,1,12
tt0045678,1,15
tt0045678,2,16
tt0045678,1,17
tt0045678,1,18
tt0045678,7,1
tt0045678,1,20
tt0045678,1,21
tt0045678,1,24
tt0045678,1,25
tt0045678,1,26
tt0045678,1,27
tt0045678,1,28
tt0045678,1,29
tt0045678,1,30
tt0045678,1,31
tt0045678,1,4
tt0045678,1,6
tt0045678,1,9
tt0046960,2,10
tt0046960,1,2
tt0046960,1,4
tt0046960,1,5
tt0046960,1,8
tt0049498,1,2
tt0049498,2,4
tt0050772,2,4
tt0052062,1,1
tt0052062,7,3
tt0052062,1,5
tt0052062,2,7
tt0052062,1,9
tt0053354,1,10
tt0053354,1,11
tt0053354,7,13
tt0053354,1,19
tt0053354,1,1
tt0053354,1,21
tt0053354,1,22
tt0053354,1,24
tt0053354,1,3
tt0053354,2,4
tt0053354,1,6
tt0054632,1,10
tt0054632,1,11
tt0054632,1,13
tt0054632,3,14
tt0054632,1,16
tt0054632,1,19
tt0054632,1,1
tt0054632,1,21
tt0054632,1,22
tt0054632,1,24
tt0054632,1,26
tt0054632,3,29
tt0054632,1,2
tt0054632,1,30
tt0054632,2,4
tt0055904,1,12
tt0055904,1,15
tt0055904,1,18
tt0055904,3,19
tt0055904,1,1
tt0055904,2,22
tt0055904,1,24
tt0055904,3,27
tt0055904,1,28
tt0055904,1,6
tt0055904,1,7
tt0055904,1,8
tt0055904,1,9
tt0057180,8,12
tt0057180,1,16
tt0057180,7,17
tt0057180,1,18
tt0057180,1,1
tt0057180,7,3
tt0057180,2,6
tt0057180,1,7
tt0057180,1,9
tt0058450,1,16
tt0058450,1,17
tt0058450,2,22
tt0058450,1,24
tt0058450,1,25
tt0058450,1,26
tt0058450,1,29
tt0058450,1,3
tt0058450,1,4
tt0058450,1,8
tt0058450,1,9
tt0059723,2,1
tt0063578,2,2
tt0066135,2,2
tt0066135,7,5
tt0068683,2,2
tt0069971,2,1
tt0069971,8,2
tt0069971,8,3
tt0069971,6,4
tt0069971,1,6
tt0069971,8,7
tt0069971,7,9
tt0071263,1,1
tt0071263,2,3
tt0072544,2,2
tt0072544,1,4
tt0075111,2,1
tt0077665,1,4
tt0077665,1,5
tt0077665,2,6
tt0078947,2,2
tt0078947,1,4
tt0078947,1,5
tt0078947,1,6
tt0084085,1,10
tt0084085,5,1
tt0084085,1,3
tt0084085,2,6
tt0084085,1,7
tt0085377,2,1
tt0086656,2,1
tt0087933,1,1
tt0087933,2,2
tt0087933,8,3
tt0089208,3,11
tt0089208,2,12
tt0089208,8,13
tt0089208,1,14
tt0089208,1,15
tt0089208,1,18
tt0089208,1,19
tt0089208,8,1
tt0089208,7,22
tt0089208,4,23
tt0089208,1,3
tt0089208,1,5
tt0089208,1,7
tt0089208,1,9
tt0091762,2,3
tt0093040,2,1
tt0093040,5,2
tt0094321,1,10
tt0094321,1,12
tt0094321,1,14
tt0094321,8,15
tt0094321,1,16
tt0094321,1,17
tt0094321,6,18
tt0094321,1,1
tt0094321,1,2
tt0094321,1,3
tt0094321,2,7
tt0095590,2,2
tt0095590,1,4
tt0095590,1,5
tt0095590,1,6
tt0096870,1,10
tt0096870,1,12
tt0096870,1,13
tt0096870,4,14
tt0096870,1,15
tt0096870,1,18
tt0096870,4,1
tt0096870,2,2
tt0096870,1,3
tt0096870,1,4
tt0096870,1,7
tt0096870,1,8
tt0096870,6,9
tt0098143,6,12
tt0098143,1,15
tt0098143,1,18
tt0098143,1,19
tt0098143,4,2
tt0098143,1,3
tt0098143,8,4
tt0098143,2,5
tt0098143,1,6
tt0098143,1,8
tt0099426,1,11
tt0099426,1,12
tt0099426,1,15
tt0099426,1,17
tt0099426,1,19
tt0099426,1,20
tt0099426,1,21
tt0099426,2,22
tt0099426,1,4
tt0099426,1,7
tt0099426,1,8
tt0100711,2,1
tt0101981,2,2
tt0103246,8,2
tt0103246,1,4
tt0103246,1,5
tt0103246,2,7
tt0105786,2,1
tt0105786,6,4
tt0107057,1,11
tt0107057,1,12
tt0107057,2,13
tt0107057,1,15
tt0107057,1,16
tt0107057,1,17
tt0107057,1,18
tt0107057,7,22
tt0107057,1,2
tt0108336,1,1
tt0108336,2,2
tt0109609,2,3
tt0110878,2,3
tt0112157,2,1
tt0113438,1,11
tt0113438,3,12
tt0113438,7,15
tt0113438,4,16
tt0113438,8,17
tt0113438,1,4
tt0113438,1,7
tt0113438,2,9
tt0116015,2,4
tt0117305,2,1
tt0118614,2,5
tt0124058,6,1
tt0124058,2,2
tt0124058,1,5
tt0124058,1,6
tt0130623,1,12
tt0130623,1,13
tt0130623,1,18
tt0130623,1,20
tt0130623,1,22
tt0130623,2,23
tt0130623,1,24
tt0130623,1,28
tt0130623,1,2
tt0130623,1,4
tt0130623,1,5
tt0133239,2,3
tt0134553,2,3
tt0139872,2,2
tt0142465,2,2
tt0142465,8,3
tt0143782,2,1
tt0143782,1,2
tt0145093,2,1
tt0155476,2,3
tt0155476,1,4
tt0158077,2,2
tt0163471,2,2
tt0166197,1,2
tt0166197,2,4
tt0167552,1,1
tt0167552,1,2
tt0167552,3,5
tt0167552,2,7
tt0167552,6,8
tt0167552,1,9
tt0170240,2,3
tt0172834,2,2
tt0178057,1,1
tt0178057,2,2
tt0184758,3,1
tt0184758,2,2
tt0186081,2,3
tt0187426,3,1
tt0187426,2,3
tt0188781,3,2
tt0188781,2,3
tt0190113,6,1
tt0190113,2,2
tt0194128,2,3
tt0195452,2,1
tt0195452,1,2
tt0200838,1,1
tt0200838,2,3
tt0202236,7,10
tt0202236,6,2
tt0202236,1,3
tt0202236,4,4
tt0202236,2,5
tt0202236,1,7
tt0202236,4,8
tt0202236,1,9
tt0203580,2,3
tt0204893,2,2
tt0206220,1,2
tt0206220,2,4
tt0206220,1,5
tt0220826,2,1
tt0222189,2,3
tt0228751,2,3
tt0228751,1,5
tt0228751,7,6
tt0228751,1,9
tt0231383,1,1
tt0231383,2,4
tt0233980,2,1
tt0235264,2,3
tt0236558,1,1
tt0236558,1,2
tt0236558,1,3
tt0236558,1,4
tt0236558,1,5
tt0236558,1,6
tt0236558,2,7
tt0236558,1,9
tt0239156,2,4
tt0240451,2,2
tt0244335,1,1
tt0244335,1,2
tt0244335,2,4
tt0246965,8,2
tt0246965,8,4
tt0246965,2,5
tt0246965,1,8
tt0249568,2,1
tt0252204,3,1
tt0252204,2,3
tt0252204,3,4
tt0253516,2,1
tt0256107,2,2
tt0258702,2,2
tt0261304,2,2
tt0261304,3,3
tt0261304,4,4
tt0261304,4,5
tt0263908,2,4
tt0269157,2,1
tt0276977,1,1
tt0276977,4,4
tt0276977,2,7
tt0280853,2,1
tt0283446,2,3
tt0287377,2,3
tt0288692,2,1
tt0291320,1,1
tt0291320,1,2
tt0291320,2,4
tt0291320,6,6
tt0291320,8,8
tt0293905,2,1
tt0305703,2,1
tt0305703,1,2
tt0308290,2,1
tt0310872,2,1
tt0313452,2,2
tt0313452,1,3
tt0313452,1,5
tt0317336,2,1
tt0318628,2,3
tt0319911,2,2
tt0332776,2,2
tt0340455,2,1
tt0340455,1,3
tt0342028,2,3
tt0342028,1,5
tt0347138,5,1
tt0347138,1,2
tt0347138,1,3
tt0347138,4,4
tt0347138,2,5
tt0349709,2,1
tt0352247,2,1
tt0352247,1,2
tt0354809,2,3
tt0365038,2,1
tt0365038,4,3
tt0377971,2,1
tt0379249,2,1
tt0380531,1,2
tt0380531,2,4
tt0380531,8,6
tt0380531,1,7
tt0388530,2,1
tt0388530,1,2
tt0388530,1,3
tt0398801,7,1
tt0398801,5,3
tt0398801,2,4
tt0406467,2,2
tt0419280,3,10
tt0419280,1,14
tt0419280,4,16
tt0419280,1,18
tt0419280,2,3
tt0419280,1,5
tt0419280,1,6
tt0419280,4,7
tt0419280,1,9
tt0424374,2,1
tt0424374,5,3
tt0439719,1,1
tt0439719,1,2
tt0439719,2,5
tt0439719,1,7
tt0439719,1,8
tt0442265,2,1
tt0442265,3,2
tt0443540,1,1
tt0443540,2,2
tt0452528,2,2
tt0457676,2,1
tt0474312,1,1
tt0474312,5,2
tt0474312,5,3
tt0474312,1,4
tt0474312,2,5
tt0474312,1,6
tt0474312,5,7
tt0498709,2,1
tt0757314,2,1
tt0757314,1,2
tt0761177,2,3
tt0775372,2,4
tt0775372,4,5
tt0775372,1,6
tt0775372,1,7
tt0775372,1,8
tt0788235,2,1
tt0790816,4,10
tt0790816,1,12
tt0790816,1,14
tt0790816,1,18
tt0790816,1,19
tt0790816,6,1
tt0790816,1,20
tt0790816,1,21
tt0790816,2,4
tt0799792,2,2
tt0799792,3,3
tt0831978,2,1
tt0837126,2,2
tt0850013,2,3
tt0871886,2,4
tt0880908,2,2
tt0996964,2,3
tt10115586,1,1
tt10115586,2,2
tt10305328,2,1
tt10305328,1,2
tt10427950,1,3
tt10427950,2,8
tt10441092,2,1
tt10441092,1,2
tt10441092,1,3
tt10441092,1,4
tt10519754,2,1
tt10519754,2,2
tt1082065,1,2
tt1082065,1,4
tt1082065,3,5
tt1082065,6,6
tt1082065,2,7
tt10911386,3,1
tt10911386,3,3
tt10911386,2,4
tt1107321,1,1
tt1107321,1,2
tt1107321,3,3
tt1107321,2,4
tt1124378,1,2
tt1124378,2,3
tt1153047,6,1
tt1153047,5,2
tt1153047,2,4
tt1155618,2,1
tt1162125,2,2
tt1162125,5,3
tt1215487,2,2
tt1216817,2,2
tt1218099,2,2
tt1229821,4,2
tt1229821,2,4
tt1229821,4,6
tt1229821,1,7
tt1229821,1,9
tt1236382,6,1
tt1236382,2,5
tt1236382,6,6
tt1250789,2,1
tt1274296,1,1
tt1274296,1,5
tt1274296,2,6
tt1274296,1,7
tt1279476,2,1
tt1279476,6,3
tt1297843,5,2
tt1297843,2,3
tt1297843,5,4
tt1309572,2,4
tt1322666,1,1
tt1322666,3,3
tt1322666,2,4
tt1334555,2,1
tt1334555,1,3
tt1334555,1,4
tt1334555,1,5
tt1400438,2,3
tt1418562,2,2
tt1445637,2,2
tt1445637,3,3
tt1455820,1,2
tt1455820,2,3
tt1479173,2,1
tt1498574,2,3
tt1521861,2,1
tt1521861,1,2
tt1521861,1,4
tt1528312,5,11
tt1528312,1,12
tt1528312,1,13
tt1528312,1,14
tt1528312,1,1
tt1528312,1,2
tt1528312,1,3
tt1528312,2,6
tt1528312,1,7
tt1528312,1,8
tt1528312,1,9
tt1558259,2,1
tt1558259,6,2
tt1572492,2,1
tt1572492,1,3
tt1584021,2,3
tt1611186,2,3
tt1631759,2,4
tt1669264,2,1
tt1669264,1,2
tt1683402,2,1
tt1683402,1,3
tt1688636,2,1
tt1697616,1,1
tt1697616,1,2
tt1697616,2,3
tt1697616,1,4
tt1697616,1,5
tt1697616,1,6
tt1773659,2,1
tt1773659,1,2
tt1777551,2,10
tt1777551,7,12
tt1777551,1,1
tt1777551,1,2
tt1777551,1,3
tt1777551,1,4
tt1777551,1,5
tt1777551,1,6
tt1777551,7,7
tt1789308,1,2
tt1789308,2,3
tt1789308,1,4
tt1814664,1,1
tt1814664,2,2
tt1828980,1,2
tt1828980,2,3
tt1843230,1,10
tt1843230,1,11
tt1843230,1,12
tt1843230,1,14
tt1843230,1,15
tt1843230,1,16
tt1843230,2,17
tt1843230,1,18
tt1843230,1,1
tt1843230,1,20
tt1843230,1,21
tt1843230,1,23
tt1843230,1,25
tt1843230,1,26
tt1843230,1,27
tt1843230,1,28
tt1843230,6,29
tt1843230,1,30
tt1843230,1,31
tt1843230,1,32
tt1843230,1,33
tt1843230,1,4
tt1843230,1,5
tt1843230,1,6
tt1843230,1,7
tt1845832,3,2
tt1845832,2,3
tt1845832,1,4
tt1849734,1,1
tt1849734,2,2
tt1849734,1,3
tt1851021,1,1
tt1851021,2,3
tt1910497,1,1
tt1910497,2,3
tt1910497,1,4
tt1910497,1,5
tt1911814,2,1
tt1911814,6,2
tt1914408,2,1
tt1975198,2,1
tt1975198,1,2
tt1976507,1,1
tt1976507,2,2
tt1984292,1,2
tt1984292,2,3
tt1984292,3,4
tt1986906,3,1
tt1986906,2,3
tt2003659,2,2
tt2015303,2,1
tt2015303,1,2
tt2015303,1,3
tt2015303,1,4
tt2097855,2,2
tt2097855,1,3
tt2104407,2,2
tt2117860,2,1
tt2117860,1,2
tt2152788,2,2
tt2172498,2,2
tt2187976,1,1
tt2187976,1,2
tt2187976,2,3
tt2187976,1,4
tt2187976,1,5
tt2187976,1,6
tt2187976,1,8
tt2187976,1,9
tt2196584,2,2
tt2196584,6,3
tt2196584,1,4
tt2296879,1,1
tt2296879,2,2
tt2314824,1,11
tt2314824,1,13
tt2314824,2,14
tt2314824,4,15
tt2314824,1,16
tt2314824,4,1
tt2314824,6,2
tt2314824,6,3
tt2314824,1,5
tt2314824,1,7
tt2314824,1,8
tt2324730,1,10
tt2324730,1,11
tt2324730,1,1
tt2324730,1,2
tt2324730,1,3
tt2324730,2,6
tt2324730,7,7
tt2324730,7,8
tt2324730,1,9
tt2337841,1,2
tt2337841,2,4
tt2360602,2,1
tt2360602,1,3
tt2369229,1,1
tt2369229,2,2
tt2419224,2,1
tt2419224,1,3
tt2590156,2,1
tt2816642,2,2
tt2855060,2,1
tt2855060,5,2
tt2884018,1,10
tt2884018,1,14
tt2884018,1,15
tt2884018,1,18
tt2884018,1,19
tt2884018,1,1
tt2884018,1,20
tt2884018,2,2
tt2884018,1,3
tt2884018,1,4
tt2884018,1,5
tt2884018,1,6
tt2884018,1,7
tt2884018,1,9
tt2946354,3,2
tt2946354,2,3
tt3006806,2,3
tt3129596,2,1
tt3129596,1,2
tt3285282,2,3
tt3293724,1,1
tt3293724,2,3
tt3299516,2,1
tt3299516,1,2
tt3316810,2,2
tt3363154,2,1
tt3385818,2,1
tt3414640,2,1
tt3414640,1,3
tt3460110,2,1
tt3521430,2,2
tt3521430,1,3
tt3547318,2,2
tt3567802,1,1
tt3567802,1,2
tt3567802,2,3
tt3567802,1,4
tt3567802,1,5
tt3567802,1,6
tt3651752,2,3
tt3889320,2,6
tt3900794,2,1
tt4005256,2,2
tt4010858,1,1
tt4010858,2,2
tt4043864,2,2
tt4043864,7,3
tt4110782,2,1
tt4110782,5,5
tt4228490,2,1
tt4228490,6,3
tt4268342,2,2
tt4441182,2,2
tt4469454,2,2
tt4469454,6,3
tt4480620,1,1
tt4480620,2,2
tt4480620,1,3
tt4603832,2,1
tt4603832,1,2
tt4774262,1,1
tt4774262,2,2
tt4774262,1,3
tt4793298,2,1
tt4807408,1,1
tt4807408,1,2
tt4807408,1,3
tt4807408,1,4
tt4807408,2,7
tt4807408,1,8
tt4880424,2,3
tt4902756,2,3
tt5129038,2,1
tt5129038,1,2
tt5163040,1,1
tt5163040,2,3
tt5163040,1,4
tt5182484,2,2
tt5182484,1,4
tt5247544,1,10
tt5247544,1,11
tt5247544,1,12
tt5247544,1,13
tt5247544,1,14
tt5247544,1,15
tt5247544,1,16
tt5247544,1,17
tt5247544,1,1
tt5247544,1,2
tt5247544,1,3
tt5247544,1,5
tt5247544,1,6
tt5247544,2,7
tt5247544,1,9
tt5311548,2,3
tt5460134,2,2
tt5527008,2,1
tt5588010,2,3
tt5725440,2,2
tt5742580,2,1
tt5742580,3,3
tt5742580,3,4
tt5765644,2,2
tt5805284,2,1
tt5805284,1,3
tt5917100,2,1
tt5917100,3,2
tt6006092,2,2
tt6006092,6,3
tt6080418,2,1
tt6080418,1,2
tt6083230,1,2
tt6083230,1,3
tt6083230,1,5
tt6083230,2,6
tt6083230,1,8
tt6083230,1,9
tt6088922,1,1
tt6088922,2,4
tt6114648,2,3
tt6114648,1,4
tt6114648,1,5
tt6197150,2,2
tt6202570,2,1
tt6272384,1,1
tt6272384,2,3
tt6272384,1,5
tt6324150,2,1
tt6644186,3,1
tt6644186,2,2
tt6673782,3,1
tt6673782,3,2
tt6673782,2,5
tt6721762,2,1
tt6721762,3,2
tt6721762,1,4
tt6746128,2,1
tt7250546,3,1
tt7250546,2,2
tt7292964,6,1
tt7292964,2,3
tt7482190,2,1
tt7482190,3,2
tt7482190,1,3
tt7482190,1,4
tt7482190,3,5
tt7537960,1,1
tt7537960,1,2
tt7537960,1,3
tt7537960,1,4
tt7537960,1,5
tt7537960,5,6
tt7537960,3,7
tt7537960,2,8
tt7748762,3,3
tt7748762,2,5
tt7983450,1,1
tt7983450,2,2
tt8001804,2,1
tt8028766,2,2
tt8312838,2,1
tt8312838,1,3
tt8582352,1,1
tt8582352,2,2
tt8582352,1,3
tt8669150,2,1
tt8669150,3,2
tt8701132,2,3
tt8727634,1,1
tt8727634,2,2
tt8775580,2,1
tt8775580,7,3
tt8883686,2,1
tt8883686,6,2
tt8972454,3,2
tt8972454,2,3
tt8972454,3,4
tt9223198,3,4
tt9223198,2,5
tt9450542,2,2
tt9635554,2,2
tt9635554,3,3
tt9778940,2,1
tt9778940,1,2
tt9878254,1,1
tt9878254,2,2
